{
  "architecture": "cnn",
  "test_loss": 0.2930287718772888,
  "test_accuracy": 0.9025999903678894,
  "confusion_matrix": [
    [
      913,
      0,
      12,
      8,
      10,
      1,
      44,
      0,
      12,
      0
    ],
    [
      2,
      985,
      3,
      7,
      2,
      0,
      0,
      0,
      1,
      0
    ],
    [
      22,
      1,
      843,
      6,
      86,
      0,
      40,
      0,
      2,
      0
    ],
    [
      30,
      13,
      14,
      875,
      52,
      0,
      14,
      0,
      2,
      0
    ],
    [
      1,
      1,
      35,
      13,
      925,
      0,
      25,
      0,
      0,
      0
    ],
    [
      0,
      0,
      0,
      0,
      0,
      976,
      0,
      19,
      0,
      5
    ],
    [
      184,
      1,
      50,
      23,
      116,
      0,
      617,
      0,
      9,
      0
    ],
    [
      0,
      0,
      0,
      0,
      0,
      13,
      0,
      943,
      0,
      44
    ],
    [
      1,
      2,
      4,
      4,
      4,
      1,
      0,
      1,
      982,
      1
    ],
    [
      0,
      0,
      0,
      0,
      0,
      15,
      1,
      17,
      0,
      967
    ]
  ]
}