{
  "architecture": "cnn",
  "test_loss": 0.25507470965385437,
  "test_accuracy": 0.9128000140190125,
  "confusion_matrix": [
    [
      918,
      0,
      5,
      21,
      2,
      1,
      49,
      1,
      3,
      0
    ],
    [
      0,
      984,
      0,
      12,
      0,
      0,
      3,
      0,
      1,
      0
    ],
    [
      39,
      2,
      844,
      12,
      51,
      0,
      50,
      0,
      2,
      0
    ],
    [
      22,
      8,
      4,
      938,
      6,
      0,
      15,
      0,
      7,
      0
    ],
    [
      5,
      2,
      43,
      38,
      851,
      1,
      60,
      0,
      0,
      0
    ],
    [
      0,
      0,
      0,
      0,
      0,
      977,
      0,
      14,
      0,
      9
    ],
    [
      168,
      3,
      38,
      35,
      44,
      0,
      704,
      0,
      8,
      0
    ],
    [
      0,
      0,
      0,
      0,
      0,
      8,
      0,
      950,
      1,
      41
    ],
    [
      5,
      0,
      0,
      6,
      1,
      2,
      1,
      1,
      984,
      0
    ],
    [
      1,
      0,
      0,
      0,
      0,
      5,
      1,
      15,
      0,
      978
    ]
  ]
}