{
  "architecture": "fc",
  "test_loss": 0.3526293635368347,
  "test_accuracy": 0.8743000030517578,
  "confusion_matrix": [
    [
      834,
      0,
      22,
      25,
      1,
      3,
      111,
      0,
      4,
      0
    ],
    [
      4,
      961,
      2,
      25,
      3,
      0,
      5,
      0,
      0,
      0
    ],
    [
      14,
      0,
      799,
      11,
      83,
      1,
      91,
      0,
      1,
      0
    ],
    [
      29,
      5,
      21,
      865,
      35,
      1,
      41,
      0,
      3,
      0
    ],
    [
      0,
      0,
      99,
      23,
      770,
      0,
      108,
      0,
      0,
      0
    ],
    [
      0,
      0,
      0,
      0,
      0,
      966,
      0,
      18,
      0,
      16
    ],
    [
      125,
      1,
      86,
      22,
      57,
      1,
      699,
      0,
      9,
      0
    ],
    [
      0,
      0,
      0,
      0,
      0,
      20,
      0,
      930,
      0,
      50
    ],
    [
      6,
      0,
      5,
      6,
      2,
      14,
      11,
      7,
      949,
      0
    ],
    [
      0,
      0,
      0,
      1,
      0,
      5,
      1,
      23,
      0,
      970
    ]
  ]
}