{
  "architecture": "fc",
  "test_loss": 0.40061721205711365,
  "test_accuracy": 0.8628000020980835,
  "confusion_matrix": [
    [
      755,
      0,
      6,
      89,
      6,
      2,
      135,
      0,
      7,
      0
    ],
    [
      0,
      969,
      0,
      25,
      3,
      0,
      2,
      0,
      1,
      0
    ],
    [
      14,
      0,
      663,
      29,
      185,
      0,
      108,
      0,
      1,
      0
    ],
    [
      8,
      4,
      3,
      954,
      8,
      0,
      19,
      0,
      4,
      0
    ],
    [
      1,
      3,
      51,
      73,
      820,
      0,
      50,
      0,
      2,
      0
    ],
    [
      0,
      0,
      0,
      2,
      0,
      949,
      0,
      25,
      3,
      21
    ],
    [
      106,
      3,
      47,
      66,
      100,
      0,
      664,
      0,
      14,
      0
    ],
    [
      0,
      0,
      0,
      0,
      0,
      29,
      0,
      945,
      0,
      26
    ],
    [
      5,
      0,
      0,
      7,
      6,
      5,
      4,
      7,
      966,
      0
    ],
    [
      0,
      0,
      0,
      1,
      0,
      8,
      1,
      47,
      0,
      943
    ]
  ]
}